,Customer_ID,custcare_Mean,new_cell,area,creditcd
8000,1080140,1.666666667,Y,NORTHWEST-ROCKY MOUNTAIN AREA,Y
8001,1080141,0.0,U,SOUTHWEST AREA,Y
8002,1080144,0.666666667,U,NORTH FLORIDA AREA,Y
8003,1080153,0.0,U,NEW YORK CITY AREA,N
8004,1080154,0.0,U,DALLAS AREA,Y
8005,1080162,0.0,U,NEW YORK CITY AREA,N
8006,1080170,32.66666667,N,NEW ENGLAND AREA,Y
8007,1080188,3.333333333,U,PHILADELPHIA AREA,Y
8008,1080199,0.0,U,CALIFORNIA NORTH AREA,Y
8009,1080206,10.0,U,HOUSTON AREA,N
8010,1080212,0.0,U,CALIFORNIA NORTH AREA,Y
8011,1080216,0.333333333,U,MIDWEST AREA,N
8012,1080222,0.0,U,ATLANTIC SOUTH AREA,Y
8013,1080229,0.0,U,NORTH FLORIDA AREA,Y
8014,1080239,0.0,Y,NORTHWEST-ROCKY MOUNTAIN AREA,Y
8015,1080240,0.0,U,MIDWEST AREA,Y
8016,1080243,15.66666667,Y,NEW ENGLAND AREA,Y
8017,1080250,2.0,U,GREAT LAKES AREA,Y
8018,1080255,0.0,Y,NORTHWEST-ROCKY MOUNTAIN AREA,N
8019,1080262,0.333333333,N,ATLANTIC SOUTH AREA,N
8020,1080275,2.0,Y,MIDWEST AREA,Y
8021,1080278,2.666666667,U,NEW YORK CITY AREA,Y
8022,1080281,0.0,U,CHICAGO AREA,N
8023,1080291,0.0,U,LOS ANGELES AREA,N
8024,1080293,0.0,U,GREAT LAKES AREA,N
8025,1080294,16.66666667,U,HOUSTON AREA,Y
8026,1080301,0.333333333,N,CENTRAL-SOUTH TEXAS AREA,Y
8027,1080308,6.0,Y,MIDWEST AREA,N
8028,1080310,2.666666667,Y,HOUSTON AREA,
8029,1080320,1.0,U,NEW YORK CITY AREA,Y
8030,1080337,1.0,U,ATLANTIC SOUTH AREA,N
8031,1080359,0.0,U,NORTH FLORIDA AREA,Y
8032,1080361,1.333333333,U,LOS ANGELES AREA,N
8033,1080367,0.666666667,U,TENNESSEE AREA,Y
8034,1080375,5.666666667,U,SOUTHWEST AREA,Y
8035,1080377,0.0,U,NEW YORK CITY AREA,Y
8036,1080385,7.0,U,NEW YORK CITY AREA,Y
8037,1080407,0.0,U,CHICAGO AREA,Y
8038,1080413,0.0,U,HOUSTON AREA,Y
8039,1080421,0.0,U,NEW ENGLAND AREA,N
8040,1080435,0.333333333,U,NEW YORK CITY AREA,Y
8041,1080439,1.0,U,GREAT LAKES AREA,N
8042,1080444,2.666666667,Y,NEW ENGLAND AREA,Y
8043,1080460,0.333333333,U,LOS ANGELES AREA,Y
8044,1080465,0.0,U,MIDWEST AREA,Y
8045,1080466,0.0,U,SOUTHWEST AREA,Y
8046,1080508,1.333333333,U,MIDWEST AREA,N
8047,1080525,43.0,U,NORTH FLORIDA AREA,N
8048,1080526,2.666666667,U,CALIFORNIA NORTH AREA,N
8049,1080538,0.0,Y,NEW YORK CITY AREA,Y
8050,1080558,0.0,U,LOS ANGELES AREA,Y
8051,1080567,0.0,U,CENTRAL-SOUTH TEXAS AREA,Y
8052,1080568,0.0,U,NORTH FLORIDA AREA,Y
8053,1080576,16.0,U,SOUTH FLORIDA AREA,Y
8054,1080589,0.666666667,U,SOUTH FLORIDA AREA,Y
8055,1080592,8.666666667,U,DC-MARYLAND-VIRGINIA AREA,Y
8056,1080604,0.0,U,SOUTHWEST AREA,Y
8057,1080605,0.0,U,CHICAGO AREA,N
8058,1080618,0.0,N,TENNESSEE AREA,Y
8059,1080632,0.0,Y,CALIFORNIA NORTH AREA,Y
8060,1080658,1.0,Y,LOS ANGELES AREA,Y
8061,1080683,0.0,U,CALIFORNIA NORTH AREA,N
8062,1080687,5.333333333,U,LOS ANGELES AREA,Y
8063,1080701,3.333333333,U,SOUTH FLORIDA AREA,Y
8064,1080717,0.0,U,NEW YORK CITY AREA,N
8065,1080723,4.333333333,U,SOUTHWEST AREA,Y
8066,1080725,0.0,U,SOUTHWEST AREA,Y
8067,1080736,5.666666667,Y,ATLANTIC SOUTH AREA,Y
8068,1080744,0.0,U,ATLANTIC SOUTH AREA,Y
8069,1080747,0.0,U,CALIFORNIA NORTH AREA,Y
8070,1080749,10.66666667,U,NEW YORK CITY AREA,N
8071,1080757,5.0,Y,SOUTHWEST AREA,Y
8072,1080767,0.0,U,TENNESSEE AREA,Y
8073,1080776,0.0,U,TENNESSEE AREA,N
8074,1080800,0.0,U,CALIFORNIA NORTH AREA,N
8075,1080808,1.333333333,U,CALIFORNIA NORTH AREA,Y
8076,1080820,4.666666667,Y,DALLAS AREA,Y
8077,1080822,0.0,U,LOS ANGELES AREA,N
8078,1080827,3.0,U,CHICAGO AREA,Y
8079,1080831,6.333333333,U,SOUTHWEST AREA,N
8080,1080844,0.0,Y,NORTHWEST-ROCKY MOUNTAIN AREA,Y
8081,1080858,1.0,U,SOUTHWEST AREA,N
8082,1080865,1.333333333,U,NEW ENGLAND AREA,Y
8083,1080869,0.0,U,NORTH FLORIDA AREA,Y
8084,1080870,0.0,U,NEW ENGLAND AREA,
8085,1080877,2.0,N,OHIO AREA,N
8086,1080922,0.0,U,ATLANTIC SOUTH AREA,Y
8087,1080926,4.333333333,U,NORTH FLORIDA AREA,Y
8088,1080929,0.0,U,CHICAGO AREA,Y
8089,1080945,0.0,U,CENTRAL-SOUTH TEXAS AREA,Y
8090,1080966,1.0,N,CALIFORNIA NORTH AREA,N
8091,1080967,0.0,U,OHIO AREA,Y
8092,1080971,3.333333333,U,SOUTH FLORIDA AREA,Y
8093,1080979,27.66666667,U,NEW YORK CITY AREA,Y
8094,1080984,5.0,U,SOUTHWEST AREA,Y
8095,1080990,0.0,U,DC-MARYLAND-VIRGINIA AREA,Y
8096,1080995,0.333333333,U,NEW ENGLAND AREA,Y
8097,1081000,0.0,U,DC-MARYLAND-VIRGINIA AREA,Y
8098,1081001,0.0,U,NEW YORK CITY AREA,Y
8099,1081054,0.0,Y,PHILADELPHIA AREA,Y
8100,1081056,0.0,U,NEW YORK CITY AREA,Y
8101,1081058,4.666666667,U,GREAT LAKES AREA,Y
8102,1081059,0.0,U,NEW ENGLAND AREA,Y
8103,1081065,0.0,U,DC-MARYLAND-VIRGINIA AREA,Y
8104,1081075,0.0,U,MIDWEST AREA,N
8105,1081097,0.0,U,NEW YORK CITY AREA,Y
8106,1081104,0.333333333,U,MIDWEST AREA,Y
8107,1081108,3.333333333,Y,SOUTHWEST AREA,Y
8108,1081120,0.0,U,CHICAGO AREA,Y
8109,1081132,2.666666667,U,SOUTH FLORIDA AREA,N
8110,1081152,0.0,U,OHIO AREA,N
8111,1081157,0.0,U,MIDWEST AREA,N
8112,1081182,0.0,U,CHICAGO AREA,Y
8113,1081192,0.0,Y,NEW ENGLAND AREA,N
8114,1081196,8.0,U,HOUSTON AREA,N
8115,1081212,0.0,Y,HOUSTON AREA,Y
8116,1081213,2.666666667,U,TENNESSEE AREA,Y
8117,1081216,0.0,U,MIDWEST AREA,Y
8118,1081228,0.0,N,CHICAGO AREA,Y
8119,1081258,0.0,Y,PHILADELPHIA AREA,N
8120,1081270,23.0,U,LOS ANGELES AREA,Y
8121,1081271,0.0,U,CHICAGO AREA,Y
8122,1081283,0.0,U,CHICAGO AREA,Y
8123,1081310,0.0,U,CHICAGO AREA,Y
8124,1081322,0.0,U,NORTHWEST-ROCKY MOUNTAIN AREA,Y
8125,1081326,0.0,U,GREAT LAKES AREA,Y
8126,1081336,0.333333333,U,DC-MARYLAND-VIRGINIA AREA,N
8127,1081338,17.0,U,NEW YORK CITY AREA,Y
8128,1081341,0.0,U,NEW ENGLAND AREA,Y
8129,1081372,0.0,U,MIDWEST AREA,Y
8130,1081373,2.333333333,U,DALLAS AREA,Y
8131,1081376,0.666666667,U,NEW ENGLAND AREA,Y
8132,1081389,4.666666667,U,PHILADELPHIA AREA,Y
8133,1081393,8.0,U,CHICAGO AREA,Y
8134,1081396,5.0,N,NEW YORK CITY AREA,N
8135,1081405,0.0,U,OHIO AREA,Y
8136,1081410,0.0,N,CHICAGO AREA,Y
8137,1081423,0.333333333,U,DALLAS AREA,Y
8138,1081431,0.0,U,NEW ENGLAND AREA,
8139,1081452,9.666666667,Y,MIDWEST AREA,Y
8140,1081476,0.0,U,GREAT LAKES AREA,Y
8141,1081483,1.0,U,LOS ANGELES AREA,Y
8142,1081488,0.0,U,NEW YORK CITY AREA,Y
8143,1081507,0.0,U,NEW YORK CITY AREA,Y
8144,1081512,12.66666667,U,NEW YORK CITY AREA,Y
8145,1081525,0.0,U,OHIO AREA,Y
8146,1081528,0.0,U,MIDWEST AREA,Y
8147,1081529,35.33333333,Y,NEW YORK CITY AREA,N
8148,1081531,1.333333333,U,LOS ANGELES AREA,Y
8149,1081537,0.0,U,NEW YORK CITY AREA,N
8150,1081548,0.0,U,DALLAS AREA,Y
8151,1081576,0.0,U,SOUTH FLORIDA AREA,Y
8152,1081577,0.0,U,LOS ANGELES AREA,Y
8153,1081581,0.0,U,HOUSTON AREA,Y
8154,1081583,8.333333333,U,NEW YORK CITY AREA,Y
8155,1081596,0.333333333,U,CALIFORNIA NORTH AREA,Y
8156,1081604,0.0,U,SOUTHWEST AREA,Y
8157,1081610,0.0,U,ATLANTIC SOUTH AREA,Y
8158,1081613,0.0,U,MIDWEST AREA,Y
8159,1081648,0.0,U,DC-MARYLAND-VIRGINIA AREA,N
8160,1081662,0.0,U,DC-MARYLAND-VIRGINIA AREA,Y
8161,1081669,5.666666667,Y,ATLANTIC SOUTH AREA,N
8162,1081674,0.0,Y,SOUTHWEST AREA,N
8163,1081680,0.333333333,Y,CALIFORNIA NORTH AREA,N
8164,1081682,0.333333333,Y,SOUTH FLORIDA AREA,Y
8165,1081690,0.0,N,PHILADELPHIA AREA,Y
8166,1081692,8.666666667,U,SOUTHWEST AREA,N
8167,1081693,1.0,U,SOUTHWEST AREA,N
8168,1081723,0.0,U,ATLANTIC SOUTH AREA,Y
8169,1081724,4.666666667,U,NEW ENGLAND AREA,N
8170,1081729,8.666666667,U,NEW YORK CITY AREA,N
8171,1081735,1.0,U,DC-MARYLAND-VIRGINIA AREA,Y
8172,1081766,1.333333333,U,SOUTHWEST AREA,N
8173,1081767,4.0,U,NORTHWEST-ROCKY MOUNTAIN AREA,Y
8174,1081770,7.333333333,U,ATLANTIC SOUTH AREA,Y
8175,1081773,1.0,U,OHIO AREA,Y
8176,1081783,1.0,Y,CALIFORNIA NORTH AREA,Y
8177,1081810,0.0,U,NORTH FLORIDA AREA,Y
8178,1081822,0.0,U,OHIO AREA,Y
8179,1081824,0.0,U,DC-MARYLAND-VIRGINIA AREA,Y
8180,1081826,0.0,U,NEW YORK CITY AREA,N
8181,1081829,4.333333333,N,NEW ENGLAND AREA,Y
8182,1081834,1.333333333,U,HOUSTON AREA,N
8183,1081837,0.333333333,U,NEW YORK CITY AREA,Y
8184,1081849,0.0,U,OHIO AREA,Y
8185,1081892,0.0,Y,CHICAGO AREA,Y
8186,1081897,1.0,N,NEW YORK CITY AREA,N
8187,1081905,0.0,U,DALLAS AREA,Y
8188,1081920,13.66666667,Y,LOS ANGELES AREA,N
8189,1081929,0.0,U,NORTHWEST-ROCKY MOUNTAIN AREA,Y
8190,1081943,3.0,U,ATLANTIC SOUTH AREA,Y
8191,1081953,5.0,U,SOUTH FLORIDA AREA,
8192,1081956,0.0,U,SOUTHWEST AREA,Y
8193,1081969,4.666666667,U,LOS ANGELES AREA,Y
8194,1081970,0.666666667,U,NORTHWEST-ROCKY MOUNTAIN AREA,Y
8195,1081973,7.0,U,ATLANTIC SOUTH AREA,N
8196,1081975,10.33333333,U,NEW YORK CITY AREA,N
8197,1081983,0.0,U,NORTHWEST-ROCKY MOUNTAIN AREA,Y
8198,1081998,0.0,U,LOS ANGELES AREA,N
8199,1082023,0.333333333,U,NORTHWEST-ROCKY MOUNTAIN AREA,Y
8200,1082024,6.666666667,U,CENTRAL-SOUTH TEXAS AREA,Y
8201,1082074,1.0,U,CENTRAL-SOUTH TEXAS AREA,N
8202,1082092,0.0,U,NORTHWEST-ROCKY MOUNTAIN AREA,Y
8203,1082097,0.0,U,NORTH FLORIDA AREA,N
8204,1082113,0.0,U,NORTH FLORIDA AREA,Y
8205,1082120,0.0,U,OHIO AREA,Y
8206,1082125,0.0,U,ATLANTIC SOUTH AREA,N
8207,1082126,0.0,U,PHILADELPHIA AREA,Y
8208,1082130,0.0,U,PHILADELPHIA AREA,Y
8209,1082132,7.666666667,U,GREAT LAKES AREA,Y
8210,1082135,2.666666667,U,NORTH FLORIDA AREA,Y
8211,1082158,0.0,U,OHIO AREA,Y
8212,1082159,2.666666667,U,MIDWEST AREA,Y
8213,1082166,0.0,U,DC-MARYLAND-VIRGINIA AREA,Y
8214,1082178,0.0,U,SOUTH FLORIDA AREA,Y
8215,1082182,2.0,U,SOUTHWEST AREA,Y
8216,1082224,0.666666667,U,ATLANTIC SOUTH AREA,Y
8217,1082234,0.0,U,DALLAS AREA,Y
8218,1082246,0.0,U,GREAT LAKES AREA,Y
8219,1082270,0.0,U,NORTHWEST-ROCKY MOUNTAIN AREA,Y
8220,1082283,0.0,U,NORTH FLORIDA AREA,Y
8221,1082295,0.0,U,MIDWEST AREA,Y
8222,1082317,0.0,U,DC-MARYLAND-VIRGINIA AREA,
8223,1082327,0.0,Y,CALIFORNIA NORTH AREA,N
8224,1082329,0.0,U,NORTH FLORIDA AREA,N
8225,1082331,0.333333333,U,SOUTH FLORIDA AREA,Y
8226,1082333,1.0,U,CALIFORNIA NORTH AREA,
8227,1082339,2.666666667,U,OHIO AREA,N
8228,1082344,0.0,U,CHICAGO AREA,Y
8229,1082347,10.33333333,U,NORTH FLORIDA AREA,N
8230,1082353,0.0,U,NEW ENGLAND AREA,Y
8231,1082355,0.0,U,DC-MARYLAND-VIRGINIA AREA,Y
8232,1082368,0.0,U,ATLANTIC SOUTH AREA,N
8233,1082385,5.333333333,U,NORTH FLORIDA AREA,N
8234,1082393,0.0,U,GREAT LAKES AREA,Y
8235,1082398,1.666666667,N,HOUSTON AREA,Y
8236,1082406,0.0,U,CALIFORNIA NORTH AREA,Y
8237,1082409,0.0,U,CHICAGO AREA,Y
8238,1082423,14.33333333,U,NEW ENGLAND AREA,Y
8239,1082424,1.333333333,U,ATLANTIC SOUTH AREA,N
8240,1082444,0.333333333,U,CALIFORNIA NORTH AREA,Y
8241,1082450,0.0,U,PHILADELPHIA AREA,N
8242,1082451,2.333333333,U,TENNESSEE AREA,Y
8243,1082452,0.0,U,SOUTH FLORIDA AREA,Y
8244,1082457,8.0,U,LOS ANGELES AREA,Y
8245,1082466,0.0,U,CHICAGO AREA,N
8246,1082497,3.0,U,TENNESSEE AREA,N
8247,1082505,3.0,U,MIDWEST AREA,Y
8248,1082521,2.0,N,SOUTHWEST AREA,Y
8249,1082548,0.0,U,MIDWEST AREA,Y
8250,1082577,0.0,U,NEW YORK CITY AREA,Y
8251,1082578,0.0,U,NEW YORK CITY AREA,N
8252,1082581,2.0,U,CENTRAL-SOUTH TEXAS AREA,N
8253,1082592,0.0,U,DALLAS AREA,N
8254,1082598,0.0,Y,NEW ENGLAND AREA,Y
8255,1082618,0.0,Y,CHICAGO AREA,Y
8256,1082626,4.666666667,U,ATLANTIC SOUTH AREA,N
8257,1082631,0.333333333,U,NEW ENGLAND AREA,N
8258,1082639,2.0,U,OHIO AREA,N
8259,1082647,5.0,Y,SOUTHWEST AREA,Y
8260,1082681,0.0,U,CALIFORNIA NORTH AREA,Y
8261,1082684,0.0,U,NEW YORK CITY AREA,Y
8262,1082695,0.333333333,U,ATLANTIC SOUTH AREA,N
8263,1082706,0.0,U,DALLAS AREA,Y
8264,1082715,0.0,N,ATLANTIC SOUTH AREA,Y
8265,1082719,1.333333333,U,OHIO AREA,N
8266,1082720,0.333333333,U,CALIFORNIA NORTH AREA,Y
8267,1082721,0.0,U,NORTH FLORIDA AREA,Y
8268,1082751,2.333333333,U,SOUTHWEST AREA,Y
8269,1082758,0.0,U,CHICAGO AREA,
8270,1082770,0.0,Y,DALLAS AREA,N
8271,1082784,0.0,U,OHIO AREA,Y
8272,1082790,0.0,U,GREAT LAKES AREA,Y
8273,1082800,0.0,U,DC-MARYLAND-VIRGINIA AREA,N
8274,1082804,2.666666667,U,ATLANTIC SOUTH AREA,Y
8275,1082814,1.0,U,CENTRAL-SOUTH TEXAS AREA,N
8276,1082815,0.0,U,NORTHWEST-ROCKY MOUNTAIN AREA,Y
8277,1082828,2.333333333,U,DC-MARYLAND-VIRGINIA AREA,Y
8278,1082831,0.0,U,DC-MARYLAND-VIRGINIA AREA,N
8279,1082840,0.0,U,GREAT LAKES AREA,Y
8280,1082841,0.666666667,U,OHIO AREA,N
8281,1082844,0.0,U,SOUTHWEST AREA,Y
8282,1082900,0.0,U,ATLANTIC SOUTH AREA,N
8283,1082901,0.666666667,Y,NEW YORK CITY AREA,Y
8284,1082940,0.0,U,ATLANTIC SOUTH AREA,Y
8285,1082948,4.0,U,GREAT LAKES AREA,Y
8286,1082956,8.333333333,U,SOUTHWEST AREA,
8287,1082960,8.0,Y,CENTRAL-SOUTH TEXAS AREA,N
8288,1083039,0.0,U,TENNESSEE AREA,Y
8289,1083058,0.0,U,CENTRAL-SOUTH TEXAS AREA,N
8290,1083062,2.0,U,NEW YORK CITY AREA,Y
8291,1083066,0.333333333,Y,PHILADELPHIA AREA,Y
8292,1083069,0.0,U,NORTH FLORIDA AREA,N
8293,1083080,0.0,U,NORTHWEST-ROCKY MOUNTAIN AREA,Y
8294,1083101,6.666666667,U,SOUTHWEST AREA,Y
8295,1083107,0.0,U,NORTHWEST-ROCKY MOUNTAIN AREA,Y
8296,1083110,1.0,U,NORTH FLORIDA AREA,Y
8297,1083113,0.0,U,CHICAGO AREA,N
8298,1083123,0.0,U,NEW YORK CITY AREA,N
8299,1083125,9.666666667,U,LOS ANGELES AREA,Y
8300,1083133,2.333333333,U,ATLANTIC SOUTH AREA,N
8301,1083137,0.0,U,MIDWEST AREA,N
8302,1083144,2.666666667,U,LOS ANGELES AREA,N
8303,1083156,9.0,U,OHIO AREA,Y
8304,1083171,0.0,Y,CALIFORNIA NORTH AREA,Y
8305,1083179,0.0,Y,LOS ANGELES AREA,Y
8306,1083184,0.0,U,GREAT LAKES AREA,Y
8307,1083186,0.0,U,ATLANTIC SOUTH AREA,N
8308,1083191,4.666666667,U,OHIO AREA,Y
8309,1083193,1.333333333,U,NORTH FLORIDA AREA,N
8310,1083194,2.0,U,NEW YORK CITY AREA,N
8311,1083199,0.333333333,U,OHIO AREA,N
8312,1083231,0.0,N,SOUTHWEST AREA,N
8313,1083254,0.333333333,U,ATLANTIC SOUTH AREA,N
8314,1083266,5.666666667,U,NEW YORK CITY AREA,Y
8315,1083277,0.0,Y,CHICAGO AREA,Y
8316,1083285,0.0,U,ATLANTIC SOUTH AREA,Y
8317,1083301,0.0,U,CHICAGO AREA,Y
8318,1083307,2.333333333,U,OHIO AREA,Y
8319,1083308,0.0,Y,ATLANTIC SOUTH AREA,Y
8320,1083321,0.0,U,MIDWEST AREA,Y
8321,1083330,8.666666667,U,GREAT LAKES AREA,Y
8322,1083342,1.333333333,U,NORTHWEST-ROCKY MOUNTAIN AREA,Y
8323,1083350,0.666666667,Y,NORTH FLORIDA AREA,Y
8324,1083352,0.0,U,CHICAGO AREA,Y
8325,1083365,1.0,Y,CALIFORNIA NORTH AREA,N
8326,1083377,2.666666667,U,NEW ENGLAND AREA,Y
8327,1083382,2.333333333,U,LOS ANGELES AREA,N
8328,1083386,0.333333333,U,NEW YORK CITY AREA,Y
8329,1083390,0.0,U,ATLANTIC SOUTH AREA,N
8330,1083406,3.333333333,U,NEW ENGLAND AREA,Y
8331,1083413,0.0,U,NORTH FLORIDA AREA,N
8332,1083416,0.0,U,CALIFORNIA NORTH AREA,N
8333,1083426,5.0,U,CALIFORNIA NORTH AREA,N
8334,1083442,0.0,U,TENNESSEE AREA,N
8335,1083443,10.66666667,U,OHIO AREA,Y
8336,1083454,13.33333333,U,NEW YORK CITY AREA,Y
8337,1083458,6.666666667,U,NEW ENGLAND AREA,Y
8338,1083468,1.0,U,OHIO AREA,Y
8339,1083498,0.666666667,U,NEW ENGLAND AREA,N
8340,1083502,0.0,N,NEW YORK CITY AREA,Y
8341,1083535,2.666666667,U,ATLANTIC SOUTH AREA,N
8342,1083556,0.0,N,MIDWEST AREA,Y
8343,1083562,0.0,U,MIDWEST AREA,Y
8344,1083563,0.0,U,TENNESSEE AREA,N
8345,1083576,2.333333333,U,CALIFORNIA NORTH AREA,Y
8346,1083577,0.0,U,LOS ANGELES AREA,Y
8347,1083580,0.666666667,U,NORTH FLORIDA AREA,N
8348,1083608,2.333333333,U,DC-MARYLAND-VIRGINIA AREA,N
8349,1083618,0.0,N,NORTH FLORIDA AREA,N
8350,1083619,0.0,Y,HOUSTON AREA,Y
8351,1083624,0.0,U,NEW YORK CITY AREA,Y
8352,1083635,0.0,N,OHIO AREA,Y
8353,1083645,0.0,U,NORTH FLORIDA AREA,N
8354,1083652,0.0,U,TENNESSEE AREA,Y
8355,1083658,0.0,U,MIDWEST AREA,N
8356,1083680,2.0,U,NEW ENGLAND AREA,Y
8357,1083691,0.0,Y,CHICAGO AREA,N
8358,1083714,1.333333333,U,HOUSTON AREA,N
8359,1083718,3.0,N,NORTHWEST-ROCKY MOUNTAIN AREA,Y
8360,1083737,0.0,U,NEW ENGLAND AREA,Y
8361,1083740,1.333333333,U,NEW YORK CITY AREA,Y
8362,1083745,1.666666667,U,CHICAGO AREA,Y
8363,1083774,0.0,U,CHICAGO AREA,N
8364,1083795,0.666666667,U,SOUTH FLORIDA AREA,N
8365,1083809,3.666666667,Y,MIDWEST AREA,N
8366,1083816,4.0,Y,SOUTHWEST AREA,Y
8367,1083854,3.333333333,U,NEW YORK CITY AREA,
8368,1083867,0.0,U,NORTHWEST-ROCKY MOUNTAIN AREA,N
8369,1083876,1.0,U,OHIO AREA,Y
8370,1083879,0.333333333,U,TENNESSEE AREA,Y
8371,1083886,4.333333333,U,CENTRAL-SOUTH TEXAS AREA,Y
8372,1083896,0.666666667,U,GREAT LAKES AREA,N
8373,1083897,0.0,U,MIDWEST AREA,N
8374,1083912,9.0,U,NEW YORK CITY AREA,Y
8375,1083915,5.666666667,U,DC-MARYLAND-VIRGINIA AREA,N
8376,1083942,0.333333333,U,NORTHWEST-ROCKY MOUNTAIN AREA,Y
8377,1083943,0.0,U,GREAT LAKES AREA,Y
8378,1083954,5.333333333,U,NEW YORK CITY AREA,N
8379,1083965,8.666666667,U,NEW YORK CITY AREA,N
8380,1083974,4.333333333,U,CHICAGO AREA,N
8381,1083987,0.0,U,DC-MARYLAND-VIRGINIA AREA,Y
8382,1083995,2.666666667,U,MIDWEST AREA,Y
8383,1084000,1.0,U,SOUTHWEST AREA,Y
8384,1084003,14.0,U,NEW YORK CITY AREA,N
8385,1084015,0.0,U,ATLANTIC SOUTH AREA,Y
8386,1084052,1.333333333,U,HOUSTON AREA,Y
8387,1084082,4.333333333,U,SOUTHWEST AREA,Y
8388,1084083,4.0,U,DC-MARYLAND-VIRGINIA AREA,N
8389,1084090,0.0,U,NEW YORK CITY AREA,N
8390,1084091,0.0,U,GREAT LAKES AREA,Y
8391,1084093,3.666666667,Y,DC-MARYLAND-VIRGINIA AREA,N
8392,1084101,2.666666667,N,NEW ENGLAND AREA,N
8393,1084106,1.333333333,U,OHIO AREA,Y
8394,1084123,0.0,U,NEW ENGLAND AREA,Y
8395,1084130,6.0,U,DC-MARYLAND-VIRGINIA AREA,Y
8396,1084134,0.0,U,NEW ENGLAND AREA,Y
8397,1084152,1.333333333,U,ATLANTIC SOUTH AREA,N
8398,1084156,6.0,N,NEW YORK CITY AREA,Y
8399,1084158,0.0,U,NORTHWEST-ROCKY MOUNTAIN AREA,Y
8400,1084162,0.0,U,ATLANTIC SOUTH AREA,Y
8401,1084163,0.0,N,NEW YORK CITY AREA,Y
8402,1084170,0.0,U,SOUTHWEST AREA,Y
8403,1084182,2.0,U,CHICAGO AREA,N
8404,1084183,1.333333333,U,SOUTHWEST AREA,Y
8405,1084185,8.666666667,U,LOS ANGELES AREA,N
8406,1084196,2.333333333,N,ATLANTIC SOUTH AREA,N
8407,1084201,0.666666667,U,ATLANTIC SOUTH AREA,Y
8408,1084205,0.0,U,OHIO AREA,Y
8409,1084211,0.0,U,CENTRAL-SOUTH TEXAS AREA,N
8410,1084214,9.0,U,GREAT LAKES AREA,Y
8411,1084223,6.333333333,U,CHICAGO AREA,N
8412,1084251,0.0,U,ATLANTIC SOUTH AREA,Y
8413,1084265,0.0,U,NEW ENGLAND AREA,Y
8414,1084267,0.0,U,SOUTHWEST AREA,N
8415,1084317,0.0,U,GREAT LAKES AREA,Y
8416,1084321,7.0,U,DALLAS AREA,N
8417,1084338,2.333333333,U,NEW YORK CITY AREA,Y
8418,1084339,0.0,U,TENNESSEE AREA,Y
8419,1084344,2.0,U,LOS ANGELES AREA,Y
8420,1084350,0.0,U,NEW YORK CITY AREA,Y
8421,1084399,0.0,U,NEW YORK CITY AREA,N
8422,1084425,1.333333333,U,NEW YORK CITY AREA,N
8423,1084434,0.0,Y,SOUTHWEST AREA,Y
8424,1084467,0.0,U,NEW YORK CITY AREA,N
8425,1084492,0.666666667,U,SOUTHWEST AREA,Y
8426,1084526,0.0,U,DC-MARYLAND-VIRGINIA AREA,N
8427,1084554,0.0,U,TENNESSEE AREA,Y
8428,1084562,0.0,U,NEW YORK CITY AREA,Y
8429,1084568,24.66666667,U,DALLAS AREA,Y
8430,1084572,0.0,U,NORTHWEST-ROCKY MOUNTAIN AREA,Y
8431,1084585,6.0,N,DC-MARYLAND-VIRGINIA AREA,Y
8432,1084598,0.0,U,HOUSTON AREA,N
8433,1084608,0.666666667,U,MIDWEST AREA,Y
8434,1084626,0.0,U,CALIFORNIA NORTH AREA,Y
8435,1084629,4.666666667,U,CHICAGO AREA,Y
8436,1084648,10.0,Y,NEW ENGLAND AREA,N
8437,1084651,0.0,U,CHICAGO AREA,N
8438,1084660,0.0,U,HOUSTON AREA,N
8439,1084665,0.0,U,NORTHWEST-ROCKY MOUNTAIN AREA,Y
8440,1084666,0.0,U,ATLANTIC SOUTH AREA,Y
8441,1084676,4.666666667,U,SOUTHWEST AREA,N
8442,1084679,0.0,U,DC-MARYLAND-VIRGINIA AREA,Y
8443,1084718,0.0,U,GREAT LAKES AREA,Y
8444,1084724,0.0,U,CENTRAL-SOUTH TEXAS AREA,Y
8445,1084754,1.0,U,CHICAGO AREA,N
8446,1084755,0.0,U,ATLANTIC SOUTH AREA,Y
8447,1084761,16.0,N,ATLANTIC SOUTH AREA,N
8448,1084770,0.0,N,NORTHWEST-ROCKY MOUNTAIN AREA,
8449,1084772,0.0,U,GREAT LAKES AREA,Y
8450,1084782,0.0,U,NORTH FLORIDA AREA,N
8451,1084785,1.0,U,DC-MARYLAND-VIRGINIA AREA,N
8452,1084786,0.0,U,DC-MARYLAND-VIRGINIA AREA,Y
8453,1084794,0.666666667,U,ATLANTIC SOUTH AREA,Y
8454,1084795,3.333333333,U,DC-MARYLAND-VIRGINIA AREA,N
8455,1084796,0.0,U,ATLANTIC SOUTH AREA,Y
8456,1084800,19.0,U,CHICAGO AREA,N
8457,1084840,0.0,Y,SOUTHWEST AREA,Y
8458,1084856,1.0,Y,GREAT LAKES AREA,N
8459,1084867,0.0,U,HOUSTON AREA,N
8460,1084870,0.333333333,N,GREAT LAKES AREA,Y
8461,1084884,0.0,U,NEW YORK CITY AREA,Y
8462,1084892,14.66666667,U,NORTHWEST-ROCKY MOUNTAIN AREA,N
8463,1084901,0.333333333,U,CALIFORNIA NORTH AREA,N
8464,1084908,0.0,U,NEW ENGLAND AREA,Y
8465,1084910,0.333333333,U,NORTH FLORIDA AREA,N
8466,1084924,0.333333333,Y,SOUTH FLORIDA AREA,N
8467,1084927,0.0,U,NEW YORK CITY AREA,Y
8468,1084941,0.0,U,NEW YORK CITY AREA,Y
8469,1084946,0.0,U,SOUTHWEST AREA,Y
8470,1084949,6.333333333,U,HOUSTON AREA,Y
8471,1084951,0.666666667,U,ATLANTIC SOUTH AREA,
8472,1084964,0.0,U,DC-MARYLAND-VIRGINIA AREA,Y
8473,1084969,2.666666667,U,CALIFORNIA NORTH AREA,Y
8474,1084991,0.0,U,CALIFORNIA NORTH AREA,N
8475,1084999,20.66666667,U,ATLANTIC SOUTH AREA,Y
8476,1085005,5.0,U,ATLANTIC SOUTH AREA,Y
8477,1085008,0.666666667,U,NORTHWEST-ROCKY MOUNTAIN AREA,N
8478,1085013,0.0,U,CHICAGO AREA,N
8479,1085015,7.0,N,DC-MARYLAND-VIRGINIA AREA,N
8480,1085017,0.0,U,MIDWEST AREA,N
8481,1085028,0.0,N,CALIFORNIA NORTH AREA,N
8482,1085052,1.0,U,GREAT LAKES AREA,N
8483,1085070,0.0,U,DALLAS AREA,Y
8484,1085072,4.666666667,U,HOUSTON AREA,Y
8485,1085074,0.0,U,CHICAGO AREA,Y
8486,1085078,0.0,Y,LOS ANGELES AREA,N
8487,1085100,0.0,U,NEW YORK CITY AREA,Y
8488,1085106,3.0,N,TENNESSEE AREA,Y
8489,1085120,0.0,U,LOS ANGELES AREA,N
8490,1085121,0.0,U,SOUTH FLORIDA AREA,N
8491,1085125,0.0,Y,MIDWEST AREA,Y
8492,1085132,7.333333333,N,NEW YORK CITY AREA,N
8493,1085147,0.0,U,NEW YORK CITY AREA,N
8494,1085154,0.0,U,CALIFORNIA NORTH AREA,Y
8495,1085161,0.0,U,TENNESSEE AREA,N
8496,1085169,0.0,U,LOS ANGELES AREA,Y
8497,1085191,13.0,U,NEW ENGLAND AREA,N
8498,1085195,5.666666667,N,TENNESSEE AREA,Y
8499,1085202,15.33333333,U,DC-MARYLAND-VIRGINIA AREA,Y
8500,1085213,0.0,Y,DC-MARYLAND-VIRGINIA AREA,N
8501,1085214,8.666666667,U,OHIO AREA,N
8502,1085227,0.0,U,CALIFORNIA NORTH AREA,N
8503,1085235,0.0,U,NEW YORK CITY AREA,Y
8504,1085256,2.333333333,U,NEW YORK CITY AREA,Y
8505,1085258,2.0,U,ATLANTIC SOUTH AREA,N
8506,1085276,2.0,Y,ATLANTIC SOUTH AREA,N
8507,1085292,0.0,U,MIDWEST AREA,N
8508,1085313,4.333333333,U,LOS ANGELES AREA,N
8509,1085316,10.33333333,U,SOUTH FLORIDA AREA,N
8510,1085325,0.333333333,Y,DC-MARYLAND-VIRGINIA AREA,N
8511,1085337,1.666666667,U,CENTRAL-SOUTH TEXAS AREA,N
8512,1085342,44.0,Y,NEW YORK CITY AREA,Y
8513,1085360,28.33333333,U,SOUTHWEST AREA,Y
8514,1085363,0.0,U,DALLAS AREA,Y
8515,1085394,20.66666667,U,DC-MARYLAND-VIRGINIA AREA,N
8516,1085399,0.0,Y,NEW ENGLAND AREA,Y
8517,1085403,0.0,U,DC-MARYLAND-VIRGINIA AREA,Y
8518,1085405,0.0,Y,NORTHWEST-ROCKY MOUNTAIN AREA,N
8519,1085408,3.0,U,NORTH FLORIDA AREA,Y
8520,1085428,0.0,U,CENTRAL-SOUTH TEXAS AREA,Y
8521,1085432,0.0,U,NORTH FLORIDA AREA,Y
8522,1085446,1.0,U,NEW YORK CITY AREA,Y
8523,1085450,3.666666667,Y,NEW ENGLAND AREA,N
8524,1085461,0.333333333,U,DC-MARYLAND-VIRGINIA AREA,Y
8525,1085464,0.0,Y,NEW YORK CITY AREA,Y
8526,1085468,0.333333333,N,ATLANTIC SOUTH AREA,N
8527,1085479,0.333333333,U,MIDWEST AREA,Y
8528,1085491,0.0,Y,GREAT LAKES AREA,Y
8529,1085514,5.0,U,GREAT LAKES AREA,Y
8530,1085528,0.0,U,DC-MARYLAND-VIRGINIA AREA,Y
8531,1085544,0.0,U,LOS ANGELES AREA,N
8532,1085545,0.0,U,ATLANTIC SOUTH AREA,Y
8533,1085608,0.333333333,U,CALIFORNIA NORTH AREA,N
8534,1085611,6.666666667,U,DALLAS AREA,N
8535,1085621,0.0,U,OHIO AREA,N
8536,1085626,0.0,U,CENTRAL-SOUTH TEXAS AREA,N
8537,1085648,1.333333333,U,DC-MARYLAND-VIRGINIA AREA,Y
8538,1085659,5.666666667,U,MIDWEST AREA,Y
8539,1085664,0.0,U,NEW ENGLAND AREA,Y
8540,1085669,5.333333333,U,NEW ENGLAND AREA,N
8541,1085671,13.33333333,U,CHICAGO AREA,Y
8542,1085675,14.33333333,U,CHICAGO AREA,N
8543,1085679,0.333333333,Y,DC-MARYLAND-VIRGINIA AREA,Y
8544,1085697,0.0,U,CHICAGO AREA,Y
8545,1085698,0.0,U,SOUTHWEST AREA,Y
8546,1085700,0.0,Y,SOUTHWEST AREA,Y
8547,1085702,9.0,Y,MIDWEST AREA,N
8548,1085718,0.0,U,TENNESSEE AREA,Y
8549,1085725,0.0,U,NEW YORK CITY AREA,Y
8550,1085726,0.0,N,NEW YORK CITY AREA,Y
8551,1085734,0.0,U,CALIFORNIA NORTH AREA,N
8552,1085737,2.333333333,Y,GREAT LAKES AREA,Y
8553,1085739,0.0,U,NORTHWEST-ROCKY MOUNTAIN AREA,Y
8554,1085745,0.666666667,U,MIDWEST AREA,N
8555,1085750,0.0,U,ATLANTIC SOUTH AREA,Y
8556,1085759,0.0,U,GREAT LAKES AREA,Y
8557,1085764,3.333333333,U,NEW ENGLAND AREA,N
8558,1085771,1.333333333,U,TENNESSEE AREA,N
8559,1085773,0.0,U,SOUTHWEST AREA,N
8560,1085775,0.0,U,CHICAGO AREA,N
8561,1085783,0.0,U,HOUSTON AREA,Y
8562,1085784,3.333333333,U,DALLAS AREA,N
8563,1085791,0.0,Y,SOUTH FLORIDA AREA,Y
8564,1085797,0.0,U,SOUTHWEST AREA,Y
8565,1085800,12.66666667,Y,NEW YORK CITY AREA,N
8566,1085804,1.333333333,U,CALIFORNIA NORTH AREA,N
8567,1085823,57.0,U,NEW YORK CITY AREA,N
8568,1085829,0.0,U,SOUTHWEST AREA,N
8569,1085830,1.0,U,MIDWEST AREA,
8570,1085853,0.0,U,TENNESSEE AREA,Y
8571,1085862,0.0,U,NORTHWEST-ROCKY MOUNTAIN AREA,N
8572,1085872,2.666666667,U,NORTH FLORIDA AREA,Y
8573,1085874,0.333333333,N,OHIO AREA,N
8574,1085881,0.333333333,U,LOS ANGELES AREA,N
8575,1085885,0.0,U,CENTRAL-SOUTH TEXAS AREA,Y
8576,1085887,0.0,U,MIDWEST AREA,N
8577,1085901,0.0,N,HOUSTON AREA,Y
8578,1085902,2.666666667,U,NEW YORK CITY AREA,
8579,1085906,0.0,U,NORTHWEST-ROCKY MOUNTAIN AREA,Y
8580,1085919,0.666666667,U,NEW ENGLAND AREA,N
8581,1085944,2.666666667,Y,OHIO AREA,N
8582,1085947,0.0,U,LOS ANGELES AREA,Y
8583,1085955,0.0,U,CHICAGO AREA,Y
8584,1085960,0.0,U,ATLANTIC SOUTH AREA,N
8585,1085970,0.0,U,NEW YORK CITY AREA,Y
8586,1085997,0.666666667,U,CHICAGO AREA,Y
8587,1086002,43.33333333,N,DC-MARYLAND-VIRGINIA AREA,Y
8588,1086024,2.333333333,U,CHICAGO AREA,Y
8589,1086028,0.0,Y,OHIO AREA,N
8590,1086052,6.666666667,U,GREAT LAKES AREA,N
8591,1086055,0.333333333,U,NORTHWEST-ROCKY MOUNTAIN AREA,N
8592,1086071,2.666666667,Y,HOUSTON AREA,Y
8593,1086074,4.333333333,Y,NEW YORK CITY AREA,N
8594,1086086,0.0,U,OHIO AREA,Y
8595,1086096,7.0,U,NEW YORK CITY AREA,Y
8596,1086099,1.0,U,SOUTHWEST AREA,N
8597,1086102,0.0,U,CHICAGO AREA,Y
8598,1086115,0.0,U,DC-MARYLAND-VIRGINIA AREA,Y
8599,1086133,0.0,U,CHICAGO AREA,N
8600,1086145,10.66666667,N,LOS ANGELES AREA,Y
8601,1086147,0.0,U,NORTHWEST-ROCKY MOUNTAIN AREA,N
8602,1086151,5.333333333,U,OHIO AREA,N
8603,1086163,0.0,U,GREAT LAKES AREA,Y
8604,1086165,1.333333333,U,DC-MARYLAND-VIRGINIA AREA,Y
8605,1086172,0.0,N,GREAT LAKES AREA,Y
8606,1086182,0.0,U,CHICAGO AREA,Y
8607,1086184,2.0,U,LOS ANGELES AREA,Y
8608,1086203,8.666666667,U,CENTRAL-SOUTH TEXAS AREA,N
8609,1086205,0.0,U,NORTH FLORIDA AREA,Y
8610,1086224,3.333333333,U,TENNESSEE AREA,Y
8611,1086229,0.333333333,U,NORTH FLORIDA AREA,
8612,1086240,4.333333333,U,DALLAS AREA,Y
8613,1086242,2.333333333,U,CALIFORNIA NORTH AREA,Y
8614,1086248,0.0,U,DALLAS AREA,Y
8615,1086251,15.33333333,U,HOUSTON AREA,Y
8616,1086264,0.0,U,NEW ENGLAND AREA,Y
8617,1086293,3.0,U,CENTRAL-SOUTH TEXAS AREA,Y
8618,1086298,1.333333333,U,DALLAS AREA,Y
8619,1086305,0.0,U,NEW YORK CITY AREA,Y
8620,1086322,0.0,U,NEW ENGLAND AREA,Y
8621,1086331,0.0,U,NEW ENGLAND AREA,
8622,1086334,11.33333333,U,NORTHWEST-ROCKY MOUNTAIN AREA,Y
8623,1086336,2.0,N,NEW YORK CITY AREA,Y
8624,1086354,0.0,U,NORTHWEST-ROCKY MOUNTAIN AREA,N
8625,1086371,0.0,U,NORTH FLORIDA AREA,N
8626,1086372,0.0,U,DALLAS AREA,N
8627,1086386,0.0,U,OHIO AREA,N
8628,1086390,0.0,U,NORTH FLORIDA AREA,Y
8629,1086416,0.0,U,DC-MARYLAND-VIRGINIA AREA,Y
8630,1086417,1.333333333,U,ATLANTIC SOUTH AREA,Y
8631,1086423,0.0,U,CHICAGO AREA,Y
8632,1086436,7.666666667,U,DC-MARYLAND-VIRGINIA AREA,N
8633,1086441,1.666666667,N,NORTHWEST-ROCKY MOUNTAIN AREA,N
8634,1086463,0.666666667,Y,NEW YORK CITY AREA,Y
8635,1086488,0.666666667,U,OHIO AREA,Y
8636,1086501,1.666666667,U,NEW YORK CITY AREA,Y
8637,1086518,1.666666667,U,CHICAGO AREA,N
8638,1086519,0.666666667,U,SOUTHWEST AREA,N
8639,1086522,13.66666667,U,LOS ANGELES AREA,N
8640,1086526,0.0,Y,DC-MARYLAND-VIRGINIA AREA,N
8641,1086560,0.0,Y,DALLAS AREA,Y
8642,1086564,0.0,U,ATLANTIC SOUTH AREA,Y
8643,1086567,2.666666667,U,LOS ANGELES AREA,Y
8644,1086570,14.66666667,U,CENTRAL-SOUTH TEXAS AREA,Y
8645,1086575,0.0,U,CALIFORNIA NORTH AREA,Y
8646,1086592,7.333333333,Y,PHILADELPHIA AREA,Y
8647,1086597,4.333333333,U,NEW ENGLAND AREA,N
8648,1086609,0.0,U,GREAT LAKES AREA,N
8649,1086613,3.0,U,ATLANTIC SOUTH AREA,Y
8650,1086618,0.0,N,NEW YORK CITY AREA,N
8651,1086622,0.0,U,ATLANTIC SOUTH AREA,N
8652,1086626,8.333333333,Y,SOUTHWEST AREA,Y
8653,1086639,10.0,Y,NORTH FLORIDA AREA,N
8654,1086649,0.0,Y,MIDWEST AREA,Y
8655,1086661,18.33333333,U,DC-MARYLAND-VIRGINIA AREA,N
8656,1086667,2.333333333,U,LOS ANGELES AREA,N
8657,1086687,0.0,U,OHIO AREA,Y
8658,1086690,5.666666667,U,CENTRAL-SOUTH TEXAS AREA,Y
8659,1086696,0.0,U,LOS ANGELES AREA,Y
8660,1086705,0.0,U,GREAT LAKES AREA,N
8661,1086710,0.0,U,MIDWEST AREA,N
8662,1086718,6.333333333,U,DALLAS AREA,Y
8663,1086726,2.666666667,U,NORTHWEST-ROCKY MOUNTAIN AREA,Y
8664,1086736,0.666666667,U,NEW ENGLAND AREA,Y
8665,1086747,0.333333333,U,SOUTH FLORIDA AREA,Y
8666,1086749,7.333333333,U,TENNESSEE AREA,N
8667,1086755,1.333333333,N,DC-MARYLAND-VIRGINIA AREA,Y
8668,1086767,0.333333333,U,MIDWEST AREA,Y
8669,1086773,2.666666667,U,ATLANTIC SOUTH AREA,Y
8670,1086777,0.0,Y,HOUSTON AREA,N
8671,1086781,0.0,U,DC-MARYLAND-VIRGINIA AREA,Y
8672,1086792,0.666666667,N,ATLANTIC SOUTH AREA,Y
8673,1086805,0.666666667,U,DC-MARYLAND-VIRGINIA AREA,N
8674,1086811,3.666666667,U,DALLAS AREA,Y
8675,1086813,0.0,N,NORTH FLORIDA AREA,Y
8676,1086818,2.333333333,U,TENNESSEE AREA,N
8677,1086820,0.333333333,U,MIDWEST AREA,
8678,1086822,0.0,Y,NORTH FLORIDA AREA,N
8679,1086833,11.0,N,DC-MARYLAND-VIRGINIA AREA,N
8680,1086851,3.333333333,U,ATLANTIC SOUTH AREA,N
8681,1086860,1.333333333,U,CHICAGO AREA,N
8682,1086866,1.0,Y,MIDWEST AREA,N
8683,1086876,0.0,U,SOUTHWEST AREA,Y
8684,1086903,0.0,U,MIDWEST AREA,Y
8685,1086911,1.0,U,NEW YORK CITY AREA,Y
8686,1086924,0.0,Y,LOS ANGELES AREA,Y
8687,1086940,4.666666667,U,NORTHWEST-ROCKY MOUNTAIN AREA,N
8688,1086948,2.666666667,U,ATLANTIC SOUTH AREA,Y
8689,1086967,0.0,U,OHIO AREA,Y
8690,1086980,0.666666667,Y,CENTRAL-SOUTH TEXAS AREA,Y
8691,1086986,0.0,U,ATLANTIC SOUTH AREA,N
8692,1087019,11.66666667,U,GREAT LAKES AREA,Y
8693,1087027,0.0,U,CHICAGO AREA,N
8694,1087042,1.666666667,U,NORTH FLORIDA AREA,Y
8695,1087050,0.0,U,PHILADELPHIA AREA,Y
8696,1087052,0.0,Y,NEW YORK CITY AREA,N
8697,1087077,0.666666667,U,SOUTHWEST AREA,
8698,1087109,1.0,Y,OHIO AREA,Y
8699,1087126,0.666666667,Y,PHILADELPHIA AREA,Y
8700,1087130,0.0,U,CALIFORNIA NORTH AREA,Y
8701,1087132,0.666666667,U,LOS ANGELES AREA,N
8702,1087138,0.0,U,NEW ENGLAND AREA,N
8703,1087145,0.666666667,U,NORTH FLORIDA AREA,Y
8704,1087147,0.0,N,NEW YORK CITY AREA,Y
8705,1087157,0.0,U,ATLANTIC SOUTH AREA,Y
8706,1087159,1.666666667,U,NEW YORK CITY AREA,Y
8707,1087167,6.333333333,U,HOUSTON AREA,Y
8708,1087169,0.0,U,NEW ENGLAND AREA,Y
8709,1087178,8.333333333,U,DALLAS AREA,N
8710,1087180,0.333333333,N,SOUTHWEST AREA,Y
8711,1087194,0.333333333,U,CHICAGO AREA,Y
8712,1087213,0.0,U,NEW ENGLAND AREA,N
8713,1087215,0.666666667,Y,NEW ENGLAND AREA,N
8714,1087217,0.0,U,MIDWEST AREA,Y
8715,1087219,0.0,U,SOUTHWEST AREA,Y
8716,1087221,0.0,U,CHICAGO AREA,Y
8717,1087225,2.0,U,TENNESSEE AREA,Y
8718,1087248,0.0,U,CALIFORNIA NORTH AREA,Y
8719,1087252,0.666666667,U,ATLANTIC SOUTH AREA,Y
8720,1087258,2.0,U,MIDWEST AREA,N
8721,1087305,2.0,U,OHIO AREA,Y
8722,1087306,2.666666667,U,NEW YORK CITY AREA,Y
8723,1087308,0.0,U,DALLAS AREA,Y
8724,1087358,0.0,Y,DALLAS AREA,Y
8725,1087368,0.0,U,CENTRAL-SOUTH TEXAS AREA,Y
8726,1087375,13.66666667,U,NEW YORK CITY AREA,Y
8727,1087379,8.333333333,U,ATLANTIC SOUTH AREA,N
8728,1087386,0.0,U,GREAT LAKES AREA,N
8729,1087397,7.333333333,U,ATLANTIC SOUTH AREA,N
8730,1087399,13.33333333,U,ATLANTIC SOUTH AREA,N
8731,1087418,0.0,U,SOUTHWEST AREA,N
8732,1087431,0.666666667,U,NEW ENGLAND AREA,Y
8733,1087462,1.333333333,U,SOUTHWEST AREA,N
8734,1087481,6.0,Y,DC-MARYLAND-VIRGINIA AREA,N
8735,1087490,1.0,U,DALLAS AREA,N
8736,1087493,6.0,U,HOUSTON AREA,Y
8737,1087498,5.0,U,CHICAGO AREA,N
8738,1087507,2.333333333,U,NEW YORK CITY AREA,Y
8739,1087508,2.0,U,GREAT LAKES AREA,Y
8740,1087517,6.333333333,U,ATLANTIC SOUTH AREA,Y
8741,1087519,0.0,N,ATLANTIC SOUTH AREA,N
8742,1087531,0.0,U,GREAT LAKES AREA,Y
8743,1087543,0.0,U,ATLANTIC SOUTH AREA,Y
8744,1087546,0.0,U,ATLANTIC SOUTH AREA,N
8745,1087552,0.333333333,N,GREAT LAKES AREA,Y
8746,1087578,0.0,Y,SOUTHWEST AREA,N
8747,1087580,0.0,U,GREAT LAKES AREA,Y
8748,1087588,2.0,U,DC-MARYLAND-VIRGINIA AREA,N
8749,1087602,0.0,U,CENTRAL-SOUTH TEXAS AREA,N
8750,1087631,1.0,Y,HOUSTON AREA,N
8751,1087633,9.333333333,U,ATLANTIC SOUTH AREA,N
8752,1087642,0.0,U,NORTH FLORIDA AREA,Y
8753,1087643,2.0,Y,CHICAGO AREA,N
8754,1087651,1.333333333,U,DALLAS AREA,N
8755,1087663,0.0,Y,CHICAGO AREA,N
8756,1087664,5.0,Y,CALIFORNIA NORTH AREA,Y
8757,1087680,6.0,U,ATLANTIC SOUTH AREA,Y
8758,1087695,11.66666667,U,LOS ANGELES AREA,N
8759,1087713,0.0,U,ATLANTIC SOUTH AREA,Y
8760,1087716,2.666666667,Y,PHILADELPHIA AREA,N
8761,1087721,2.0,U,DALLAS AREA,N
8762,1087724,3.0,U,HOUSTON AREA,N
8763,1087739,0.0,U,SOUTHWEST AREA,Y
8764,1087743,2.333333333,U,LOS ANGELES AREA,Y
8765,1087751,0.0,U,NEW ENGLAND AREA,Y
8766,1087758,0.0,U,NORTHWEST-ROCKY MOUNTAIN AREA,N
8767,1087813,4.666666667,N,MIDWEST AREA,N
8768,1087833,0.0,U,CHICAGO AREA,Y
8769,1087839,0.0,U,LOS ANGELES AREA,Y
8770,1087850,4.333333333,N,GREAT LAKES AREA,N
8771,1087873,2.333333333,U,LOS ANGELES AREA,N
8772,1087877,0.0,U,MIDWEST AREA,Y
8773,1087888,0.333333333,U,CENTRAL-SOUTH TEXAS AREA,Y
8774,1087901,0.0,U,NORTHWEST-ROCKY MOUNTAIN AREA,Y
8775,1087910,1.666666667,U,HOUSTON AREA,Y
8776,1087911,1.666666667,U,CHICAGO AREA,Y
8777,1087920,2.666666667,N,CENTRAL-SOUTH TEXAS AREA,Y
8778,1087936,1.333333333,U,SOUTHWEST AREA,N
8779,1087942,3.0,U,NORTHWEST-ROCKY MOUNTAIN AREA,N
8780,1087960,2.666666667,N,DALLAS AREA,N
8781,1087964,0.333333333,U,ATLANTIC SOUTH AREA,Y
8782,1087965,3.666666667,U,ATLANTIC SOUTH AREA,N
8783,1087967,0.0,U,CALIFORNIA NORTH AREA,N
8784,1087971,0.0,U,SOUTH FLORIDA AREA,N
8785,1087974,0.0,U,OHIO AREA,Y
8786,1087989,8.0,Y,NEW ENGLAND AREA,Y
8787,1087998,0.0,U,DC-MARYLAND-VIRGINIA AREA,N
8788,1088005,0.0,U,NORTH FLORIDA AREA,N
8789,1088013,1.0,Y,NEW YORK CITY AREA,N
8790,1088014,0.0,U,SOUTH FLORIDA AREA,N
8791,1088025,0.0,Y,NEW ENGLAND AREA,N
8792,1088035,0.0,U,CALIFORNIA NORTH AREA,Y
8793,1088036,0.0,U,LOS ANGELES AREA,Y
8794,1088041,3.666666667,U,DC-MARYLAND-VIRGINIA AREA,
8795,1088047,0.333333333,U,DALLAS AREA,N
8796,1088051,11.33333333,U,CALIFORNIA NORTH AREA,N
8797,1088085,2.666666667,U,ATLANTIC SOUTH AREA,Y
8798,1088111,5.333333333,U,NEW YORK CITY AREA,N
8799,1088123,3.666666667,U,NEW YORK CITY AREA,N
8800,1088126,7.666666667,U,CHICAGO AREA,N
8801,1088136,0.0,U,ATLANTIC SOUTH AREA,Y
8802,1088141,0.333333333,U,CENTRAL-SOUTH TEXAS AREA,N
8803,1088143,35.66666667,U,HOUSTON AREA,Y
8804,1088144,2.0,U,NORTHWEST-ROCKY MOUNTAIN AREA,Y
8805,1088149,4.333333333,U,NEW YORK CITY AREA,Y
8806,1088154,0.0,U,NORTH FLORIDA AREA,Y
8807,1088155,2.0,U,TENNESSEE AREA,N
8808,1088162,4.0,N,SOUTHWEST AREA,N
8809,1088191,0.0,U,DC-MARYLAND-VIRGINIA AREA,N
8810,1088193,4.333333333,N,SOUTH FLORIDA AREA,N
8811,1088197,0.0,U,NORTH FLORIDA AREA,N
8812,1088201,0.0,U,NEW ENGLAND AREA,N
8813,1088241,14.33333333,U,DC-MARYLAND-VIRGINIA AREA,N
8814,1088280,0.0,U,GREAT LAKES AREA,N
8815,1088283,1.0,U,OHIO AREA,Y
8816,1088297,1.666666667,Y,ATLANTIC SOUTH AREA,Y
8817,1088306,9.666666667,U,DC-MARYLAND-VIRGINIA AREA,Y
8818,1088307,0.333333333,U,NEW ENGLAND AREA,Y
8819,1088311,0.0,U,DC-MARYLAND-VIRGINIA AREA,Y
8820,1088336,3.666666667,N,ATLANTIC SOUTH AREA,Y
8821,1088347,14.33333333,U,LOS ANGELES AREA,Y
8822,1088350,0.0,U,HOUSTON AREA,Y
8823,1088366,0.0,Y,SOUTH FLORIDA AREA,Y
8824,1088375,0.666666667,U,OHIO AREA,N
8825,1088380,13.66666667,U,GREAT LAKES AREA,N
8826,1088382,3.333333333,Y,DC-MARYLAND-VIRGINIA AREA,N
8827,1088404,0.0,Y,HOUSTON AREA,Y
8828,1088417,0.0,U,ATLANTIC SOUTH AREA,N
8829,1088434,0.0,U,HOUSTON AREA,Y
8830,1088441,0.0,U,NORTHWEST-ROCKY MOUNTAIN AREA,N
8831,1088444,0.0,U,ATLANTIC SOUTH AREA,Y
8832,1088462,6.0,U,HOUSTON AREA,N
8833,1088465,0.0,U,ATLANTIC SOUTH AREA,Y
8834,1088499,0.0,U,LOS ANGELES AREA,Y
8835,1088518,0.0,U,HOUSTON AREA,Y
8836,1088519,0.0,N,ATLANTIC SOUTH AREA,Y
8837,1088521,0.0,U,NEW YORK CITY AREA,N
8838,1088523,0.0,U,PHILADELPHIA AREA,Y
8839,1088541,1.666666667,N,GREAT LAKES AREA,Y
8840,1088545,0.0,U,ATLANTIC SOUTH AREA,N
8841,1088578,0.0,U,NEW ENGLAND AREA,Y
8842,1088585,2.333333333,U,NEW ENGLAND AREA,N
8843,1088588,0.666666667,N,NEW ENGLAND AREA,Y
8844,1088596,0.333333333,U,NEW YORK CITY AREA,Y
8845,1088599,0.0,U,NORTH FLORIDA AREA,N
8846,1088615,10.33333333,U,GREAT LAKES AREA,N
8847,1088620,0.0,Y,NEW ENGLAND AREA,N
8848,1088621,0.0,Y,DC-MARYLAND-VIRGINIA AREA,Y
8849,1088656,0.0,U,MIDWEST AREA,N
8850,1088662,1.666666667,U,NEW YORK CITY AREA,Y
8851,1088671,3.0,U,DALLAS AREA,Y
8852,1088683,0.0,U,DC-MARYLAND-VIRGINIA AREA,Y
8853,1088694,0.0,U,NEW ENGLAND AREA,N
8854,1088705,15.33333333,N,CALIFORNIA NORTH AREA,N
8855,1088719,8.0,U,NEW ENGLAND AREA,Y
8856,1088724,0.0,U,NEW YORK CITY AREA,N
8857,1088728,0.0,U,LOS ANGELES AREA,Y
8858,1088761,2.666666667,U,DC-MARYLAND-VIRGINIA AREA,Y
8859,1088774,0.333333333,U,CALIFORNIA NORTH AREA,Y
8860,1088779,8.333333333,U,DC-MARYLAND-VIRGINIA AREA,N
8861,1088785,0.0,U,ATLANTIC SOUTH AREA,Y
8862,1088820,2.666666667,U,NEW YORK CITY AREA,N
8863,1088821,38.0,U,NEW YORK CITY AREA,Y
8864,1088831,0.0,U,SOUTH FLORIDA AREA,Y
8865,1088842,6.333333333,U,GREAT LAKES AREA,N
8866,1088846,1.0,Y,PHILADELPHIA AREA,Y
8867,1088847,39.33333333,U,TENNESSEE AREA,N
8868,1088853,0.0,U,SOUTHWEST AREA,Y
8869,1088863,0.0,Y,DALLAS AREA,Y
8870,1088872,0.0,U,NORTHWEST-ROCKY MOUNTAIN AREA,Y
8871,1088891,8.666666667,U,CALIFORNIA NORTH AREA,N
8872,1088903,0.0,N,PHILADELPHIA AREA,Y
8873,1088910,0.0,U,GREAT LAKES AREA,Y
8874,1088924,0.0,U,ATLANTIC SOUTH AREA,Y
8875,1088929,0.0,U,CHICAGO AREA,Y
8876,1088936,3.0,U,CHICAGO AREA,Y
8877,1088937,3.666666667,Y,ATLANTIC SOUTH AREA,Y
8878,1088954,0.0,U,GREAT LAKES AREA,Y
8879,1088956,0.0,U,TENNESSEE AREA,N
8880,1088960,7.666666667,U,MIDWEST AREA,Y
8881,1088967,0.666666667,U,CHICAGO AREA,N
8882,1088968,0.0,U,CHICAGO AREA,Y
8883,1088984,6.333333333,U,HOUSTON AREA,N
8884,1088987,22.0,U,NORTHWEST-ROCKY MOUNTAIN AREA,Y
8885,1088995,0.0,U,CALIFORNIA NORTH AREA,Y
8886,1089013,10.33333333,U,ATLANTIC SOUTH AREA,Y
8887,1089016,1.666666667,Y,DC-MARYLAND-VIRGINIA AREA,Y
8888,1089021,4.666666667,N,NORTHWEST-ROCKY MOUNTAIN AREA,N
8889,1089043,6.666666667,U,OHIO AREA,Y
8890,1089047,0.333333333,U,NEW ENGLAND AREA,Y
8891,1089049,7.333333333,U,NEW ENGLAND AREA,N
8892,1089051,17.66666667,U,OHIO AREA,N
8893,1089063,15.33333333,Y,NEW YORK CITY AREA,Y
8894,1089065,9.333333333,U,SOUTHWEST AREA,
8895,1089067,0.666666667,U,NEW ENGLAND AREA,Y
8896,1089068,0.0,U,DALLAS AREA,N
8897,1089088,0.0,U,NEW ENGLAND AREA,N
8898,1089089,0.333333333,U,NORTHWEST-ROCKY MOUNTAIN AREA,Y
8899,1089092,0.0,U,CHICAGO AREA,Y
8900,1089105,4.333333333,U,ATLANTIC SOUTH AREA,N
8901,1089147,0.0,Y,ATLANTIC SOUTH AREA,Y
8902,1089150,1.0,U,CHICAGO AREA,Y
8903,1089158,0.0,U,NORTH FLORIDA AREA,Y
8904,1089164,0.333333333,U,SOUTH FLORIDA AREA,N
8905,1089167,21.33333333,U,DC-MARYLAND-VIRGINIA AREA,N
8906,1089191,0.666666667,U,ATLANTIC SOUTH AREA,Y
8907,1089195,39.66666667,Y,NEW YORK CITY AREA,Y
8908,1089209,18.33333333,Y,NEW ENGLAND AREA,N
8909,1089227,0.0,Y,MIDWEST AREA,Y
8910,1089236,0.0,U,DALLAS AREA,N
8911,1089252,0.333333333,U,ATLANTIC SOUTH AREA,Y
8912,1089264,0.0,U,NEW YORK CITY AREA,Y
8913,1089284,0.0,U,CHICAGO AREA,N
8914,1089312,0.333333333,U,DC-MARYLAND-VIRGINIA AREA,N
8915,1089330,0.666666667,U,HOUSTON AREA,
8916,1089332,0.0,U,NORTH FLORIDA AREA,N
8917,1089333,18.0,U,PHILADELPHIA AREA,N
8918,1089339,0.333333333,Y,SOUTHWEST AREA,N
8919,1089351,7.0,U,DC-MARYLAND-VIRGINIA AREA,N
8920,1089363,2.0,U,GREAT LAKES AREA,N
8921,1089379,2.333333333,U,ATLANTIC SOUTH AREA,N
8922,1089396,1.666666667,U,SOUTH FLORIDA AREA,N
8923,1089403,0.0,U,DALLAS AREA,Y
8924,1089406,0.0,U,NORTHWEST-ROCKY MOUNTAIN AREA,Y
8925,1089415,3.666666667,U,MIDWEST AREA,N
8926,1089422,2.333333333,Y,ATLANTIC SOUTH AREA,Y
8927,1089425,4.0,U,ATLANTIC SOUTH AREA,N
8928,1089427,21.66666667,U,CHICAGO AREA,N
8929,1089440,2.666666667,U,CHICAGO AREA,Y
8930,1089457,6.666666667,U,ATLANTIC SOUTH AREA,Y
8931,1089460,0.0,U,TENNESSEE AREA,N
8932,1089492,0.0,N,NORTH FLORIDA AREA,N
8933,1089500,0.333333333,U,GREAT LAKES AREA,Y
8934,1089504,14.33333333,Y,MIDWEST AREA,Y
8935,1089509,3.333333333,N,SOUTH FLORIDA AREA,N
8936,1089525,0.0,U,NORTHWEST-ROCKY MOUNTAIN AREA,Y
8937,1089533,2.666666667,U,ATLANTIC SOUTH AREA,N
8938,1089539,0.666666667,U,ATLANTIC SOUTH AREA,N
8939,1089542,5.333333333,U,SOUTHWEST AREA,Y
8940,1089543,0.0,Y,NEW YORK CITY AREA,Y
8941,1089547,3.0,U,SOUTHWEST AREA,Y
8942,1089552,11.0,U,HOUSTON AREA,Y
8943,1089553,9.333333333,U,LOS ANGELES AREA,N
8944,1089557,0.0,U,HOUSTON AREA,Y
8945,1089560,2.666666667,U,HOUSTON AREA,N
8946,1089561,10.33333333,U,OHIO AREA,Y
8947,1089570,56.66666667,U,DALLAS AREA,N
8948,1089599,7.666666667,U,MIDWEST AREA,Y
8949,1089641,0.333333333,U,DALLAS AREA,N
8950,1089642,1.333333333,N,SOUTH FLORIDA AREA,Y
8951,1089657,9.666666667,U,GREAT LAKES AREA,Y
8952,1089660,3.0,U,NEW YORK CITY AREA,Y
8953,1089686,63.66666667,U,NORTHWEST-ROCKY MOUNTAIN AREA,Y
8954,1089701,0.333333333,U,CENTRAL-SOUTH TEXAS AREA,Y
8955,1089706,0.666666667,U,SOUTHWEST AREA,Y
8956,1089709,1.333333333,U,DC-MARYLAND-VIRGINIA AREA,Y
8957,1089719,0.0,Y,GREAT LAKES AREA,Y
8958,1089728,0.0,N,NEW YORK CITY AREA,Y
8959,1089729,2.666666667,N,GREAT LAKES AREA,Y
8960,1089735,0.0,N,MIDWEST AREA,Y
8961,1089744,6.666666667,U,OHIO AREA,Y
8962,1089748,0.0,U,DC-MARYLAND-VIRGINIA AREA,Y
8963,1089749,5.0,U,ATLANTIC SOUTH AREA,Y
8964,1089769,11.0,U,DC-MARYLAND-VIRGINIA AREA,N
8965,1089772,1.0,U,NORTHWEST-ROCKY MOUNTAIN AREA,N
8966,1089778,0.0,U,DALLAS AREA,Y
8967,1089792,0.0,Y,DALLAS AREA,Y
8968,1089802,2.0,U,LOS ANGELES AREA,Y
8969,1089806,11.0,U,CHICAGO AREA,Y
8970,1089814,0.0,U,LOS ANGELES AREA,Y
8971,1089815,0.666666667,U,TENNESSEE AREA,Y
8972,1089823,0.666666667,U,SOUTH FLORIDA AREA,Y
8973,1089871,0.333333333,U,HOUSTON AREA,Y
8974,1089873,1.0,U,CENTRAL-SOUTH TEXAS AREA,Y
8975,1089874,0.0,U,MIDWEST AREA,Y
8976,1089875,0.0,U,GREAT LAKES AREA,N
8977,1089883,0.666666667,Y,MIDWEST AREA,N
8978,1089884,0.0,U,DALLAS AREA,Y
8979,1089890,7.666666667,U,NEW ENGLAND AREA,Y
8980,1089896,3.0,U,ATLANTIC SOUTH AREA,N
8981,1089902,1.333333333,U,NEW YORK CITY AREA,Y
8982,1089919,13.33333333,U,DC-MARYLAND-VIRGINIA AREA,N
8983,1089931,0.0,U,CHICAGO AREA,Y
8984,1089932,0.333333333,U,NORTH FLORIDA AREA,Y
8985,1089934,0.666666667,N,NEW YORK CITY AREA,Y
8986,1089958,4.0,N,CHICAGO AREA,N
8987,1089959,0.0,U,CENTRAL-SOUTH TEXAS AREA,N
8988,1089967,0.0,U,PHILADELPHIA AREA,Y
8989,1089978,0.0,U,SOUTHWEST AREA,Y
8990,1089980,1.0,U,SOUTHWEST AREA,N
8991,1089989,3.333333333,U,CALIFORNIA NORTH AREA,N
8992,1089996,0.333333333,U,DC-MARYLAND-VIRGINIA AREA,Y
8993,1090002,3.666666667,U,NORTHWEST-ROCKY MOUNTAIN AREA,N
8994,1090004,0.333333333,U,ATLANTIC SOUTH AREA,Y
8995,1090029,0.666666667,U,DALLAS AREA,Y
8996,1090052,0.0,N,NORTH FLORIDA AREA,N
8997,1090059,1.333333333,U,NEW YORK CITY AREA,N
8998,1090072,0.0,U,NEW YORK CITY AREA,Y
8999,1090079,23.33333333,Y,NEW YORK CITY AREA,Y
